{"east": {"way_id": [157800018, 463827800, 300803485, 668173591, 300803490, 178173932, 300803489, 300803484, 480596367, 752225467, 459492912, 459492917, 153225678, 459551209, 482209830, 300813736, 153225686], "segment": [[100.534, 13.7308988, 100.5337201], [100.535, 13.7305007, 100.5346237], [100.536, 13.7300499, 100.5356575], [100.537, 13.729699, 100.5365279], [100.538, 13.7292751, 100.5375824], [100.539, 13.7285188, 100.5394201], [100.54, 13.728352, 100.5397548], [100.541, 13.7280212, 100.5405246], [100.542, 13.7272241, 100.5423799], [100.543, 13.7270904, 100.5427921], [100.544, 13.7266705, 100.5437917], [100.545, 13.7263513, 100.5445514], [100.546, 13.725796, 100.5459128], [100.549, 13.7246579, 100.5486731], [100.55, 13.7242718, 100.5495918], [100.552, 13.7232877, 100.551792], [100.553, 13.7230729, 100.5525094], [100.555, 13.7221343, 100.5546323], [100.556, 13.7215922, 100.5559442], [100.557, 13.7212204, 100.5568521], [100.558, 13.7208762, 100.5576215], [100.559, 13.7203918, 100.5587896], [100.56, 13.7199376, 100.559912], [100.561, 13.7194564, 100.561051], [100.562, 13.7190296, 100.5621101], [100.563, 13.7189256, 100.562628], [100.564, 13.7191507, 100.5636923], [100.565, 13.7196431, 100.5647841], [100.566, 13.7196432, 100.5656665], [100.567, 13.7190257, 100.567153], [100.568, 13.7186789, 100.5679564], [100.57, 13.7179636, 100.5696006], [100.571, 13.7171419, 100.5714894], [100.572, 13.716841, 100.572181], [100.573, 13.716576, 100.5728565], [100.574, 13.7160328, 100.574206], [100.575, 13.7158943, 100.5745502], [100.576, 13.7152484, 100.5761549], [100.578, 13.7144988, 100.5778811], [100.581, 13.7133242, 100.5805658], [100.582, 13.7130946, 100.5815189], [100.584, 13.7130395, 100.5835972], [100.586, 13.7129113, 100.5863831], [100.588, 13.7128324, 100.5879452], [100.589, 13.7127902, 100.5887804], [100.59, 13.712749, 100.5895966], [100.591, 13.7132655, 100.5912302], [100.592, 13.7134361, 100.5916744], [100.592, 13.7142868, 100.5924507]]}, "west": {"way_id": [463827799, 300803491, 300803486, 461861534, 545870177, 300803482, 300803492, 466838066, 480596363, 752225466, 459492913, 481971011, 481971016, 459551208, 482209831, 482209834, 153225684], "segment": [[100.534, 13.7307169, 100.5335989], [100.535, 13.7302143, 100.5347791], [100.536, 13.7298892, 100.5355425], [100.537, 13.7294606, 100.5365682], [100.538, 13.7289796, 100.5377218], [100.539, 13.728527, 100.5388064], [100.54, 13.7281708, 100.5396584], [100.541, 13.7275321, 100.5411793], [100.542, 13.7272424, 100.5418593], [100.543, 13.7269568, 100.5425138], [100.544, 13.7264446, 100.5437372], [100.545, 13.7261316, 100.5445195], [100.546, 13.7256277, 100.5456617], [100.547, 13.7252863, 100.5465649], [100.548, 13.7248704, 100.5475602], [100.549, 13.7242519, 100.5490436], [100.55, 13.7237382, 100.5502851], [100.551, 13.7233776, 100.5511473], [100.552, 13.7230669, 100.5518903], [100.553, 13.7227789, 100.5525581], [100.555, 13.721961, 100.5545583], [100.557, 13.7211356, 100.5565511], [100.558, 13.7206761, 100.5576599], [100.559, 13.7202199, 100.5587931], [100.56, 13.7198121, 100.5598593], [100.561, 13.7192665, 100.5612226], [100.562, 13.7188845, 100.5621901], [100.563, 13.7188248, 100.5626212], [100.564, 13.7190557, 100.5637077], [100.565, 13.7195356, 100.5648208], [100.566, 13.7192591, 100.5662358], [100.567, 13.7188886, 100.5670945], [100.568, 13.7185392, 100.5679058], [100.569, 13.7179598, 100.5693368], [100.57, 13.7178883, 100.5695184], [100.571, 13.7172218, 100.5710218], [100.572, 13.7167543, 100.5720762], [100.573, 13.7165242, 100.5726366], [100.574, 13.7160233, 100.5738566], [100.576, 13.7151367, 100.5760158], [100.577, 13.7147324, 100.576945], [100.578, 13.7143276, 100.5778755], [100.581, 13.713168, 100.5805494], [100.582, 13.7129573, 100.5824868], [100.584, 13.7129279, 100.5837075], [100.585, 13.7128781, 100.5847609], [100.586, 13.7128026, 100.5863787], [100.589, 13.7126679, 100.5890207], [100.59, 13.7126403, 100.5895629], [100.591, 13.7130515, 100.5910215], [100.592, 13.713327, 100.5916606], [100.593, 13.7142209, 100.592541], [100.593, 13.7142209, 100.592541]]}}